,repeat0_p0,repeat1_p0,repeat2_p0,repeat3_p0,repeat4_p0,repeat5_p0,repeat6_p0,repeat7_p0,repeat8_p0,repeat9_p0,target
0,15.74771981201225,16.18195224825405,15.908397558033705,16.100484461865328,15.958405342434489,16.160022989277206,16.313597763829467,15.617733152391345,16.025460447549307,15.59830133704682,21.0
1,15.956750155820286,17.34326728447079,17.59511972859256,16.208609451075766,17.228007156464518,18.232127104125063,16.67428100608979,16.377119993183022,17.33289482463288,16.92170996488619,7.0
2,14.77808419599671,13.976792612009937,14.633572634988871,14.164656981486015,13.22814251106664,14.642387718713556,14.224807919915248,14.473421523865724,15.849003539281544,14.854189552950025,22.0
3,16.0671844713781,16.562485638783606,16.745608092250713,16.550771314964233,16.849539928208873,17.875920013242386,16.58924961815002,17.041322119131756,15.807212637054457,16.21565834752017,21.0
4,15.71159713200353,16.237326274258457,17.11921737395935,15.523296943787606,16.195242183819584,15.789065839067604,18.854688870811646,16.872323353812234,17.73061064916947,15.635913576181121,16.0
5,20.90426148494077,21.656599248645023,21.01256724810085,21.123980336666598,19.541393639464108,19.24504369803332,20.429172506657462,21.585140984161107,18.543566489647628,21.027045830147507,21.0
6,18.312162013665223,18.54025840214449,19.394624680656804,18.689417881476338,18.486046069262905,18.632609542546092,19.986735315818176,19.038211502831302,18.946541684596518,19.509714892418415,11.0
7,15.378791287967298,15.640588711006572,16.352385437814792,15.432373430848976,16.230116614622176,16.19699910099994,14.601031604618413,15.681892947078381,14.710896800972227,15.601231721126974,16.0
8,17.14625472722835,16.123826867116236,17.5627563703739,19.274109790036153,17.894333358568225,17.277720208492113,15.32509887726755,17.886904132909343,17.88399831873655,17.054980711110336,21.0
9,17.153847619006463,16.095233409728035,17.671097067452983,17.16519927877855,16.653461640389196,16.569203250168577,16.663111187291918,16.900897894043723,17.64863687148339,15.978640207186295,9.0
10,16.547964175083756,16.286263548489092,16.47007179952053,16.260520319430256,15.8417808160939,16.097283615895492,16.180678205956035,15.78070067674826,16.072262877804057,16.53449541734733,12.0
11,14.390224777800109,15.116779727350227,15.28744505015514,15.77756260628738,15.465222121734442,14.628780531173282,16.037138479458477,16.12111222936096,14.40940406815405,16.408907022066938,24.0
12,18.458055086100448,19.57599796466526,19.50952185827485,19.528488124537972,19.34555244908458,20.627005676452416,20.13119215168556,19.4272321980723,19.541044804013495,20.63812125636241,12.0
13,13.865682743454906,14.157405948024238,14.368371355910206,14.291765816416431,14.319357879143517,14.683862387884526,14.358435029183479,14.578013120222199,14.380735609084635,14.825624177897872,9.0
14,17.977667284351668,16.585135694353582,18.76914511980599,19.915651375254136,21.377945366705106,17.306382321615533,18.333887795445968,20.159594606704594,17.290727063397362,18.68620885527568,11.0
15,15.958272243495664,14.303552983898781,15.35716766219936,13.62108821450845,16.116565028499117,15.242816972297515,15.183818247297161,16.068013617341443,12.868744804292875,14.977642328911333,23.0
16,11.777245153478724,9.849223168621132,10.081060668309098,12.72606601065565,11.365309636527124,11.289688280733921,10.87053029805026,10.977271473174678,11.65556004405908,11.26615053163536,8.0
17,15.08947768399861,14.624892137495877,14.495575163048878,14.658194639578955,14.114272899119612,14.390518453310392,15.672949879906458,14.541794756506071,14.640839729162336,14.7161442358099,17.0
18,13.8381793433893,14.486054888872808,13.839949257471826,14.458022408732077,14.319400341398364,14.56083315967268,14.052133371021085,13.78669535305001,14.738490209691271,15.219527203690175,9.0
19,16.881590397572445,16.727853701525337,16.902278051133923,15.58613429101366,15.22737551042392,15.049558999014323,16.61253408703625,16.274689070985964,14.242021807902077,15.01359149068512,15.0
20,17.55003942240729,17.158833992364777,16.738394912630362,17.216821094290285,16.259487599143455,16.08957954946763,16.830642024405687,16.313907838204205,17.682870846115822,16.618159910654548,22.0
21,17.56114894597958,18.090158598078794,18.580258679805393,19.366058877760302,17.47259658484569,19.21145287046838,19.471935805501886,17.81610441875472,17.931435934735884,17.695226864986616,22.0
22,18.376841935994904,18.60788224285273,18.957783925547517,18.43134126930846,18.275213349447046,19.065969864761648,20.13304833597754,18.988776785402457,18.54677634831406,19.206132404954374,20.0
23,17.803453965300978,18.250626730973416,18.404023188825214,18.694592165544968,18.44065923709573,18.82569015854076,17.34730342080527,17.631866996128345,18.050873221568438,17.408840959266083,15.0
24,14.013591065042874,14.239295258220892,14.59332957859501,14.477745622754522,15.357951045619846,14.872988701377007,15.082999935618766,14.725355822311624,15.687852805122462,15.207130773481687,20.0
25,18.06025592880672,17.33482312746559,15.65817129927304,16.808131490706458,15.360890971606421,15.653060761776041,15.692439716400951,16.9254714031999,15.814722849787955,16.181752220406267,7.0
26,18.275617742097513,18.93907494122542,19.04806244517833,19.48980605710061,18.746625860308953,19.434416150047937,19.281658610842893,19.3045107920654,19.931493323412596,19.143311857774044,20.0
27,18.30511832825778,18.308035307701203,18.475082969474816,17.22817189862261,17.689673093474774,17.815868333178166,18.33743292708332,18.187657222912797,16.891378134899924,17.100735092029453,11.0
28,11.862420671400995,11.50045544537672,11.180578043634817,11.68662609230814,11.693074661411332,11.463054471789054,11.783203970042166,12.485525026209286,11.926287381209711,13.120619152365784,22.0
29,20.634076986569745,20.29218841229986,20.685926758136567,20.66857096981244,22.780475859053666,21.71248643680949,21.380351837175276,22.14171178222932,20.60233692775634,21.426583618107426,21.0
30,13.019281065987107,14.845462565145858,16.287417524969708,14.429263339804454,12.36714893668878,14.342440518414282,12.372635750482775,12.891744747352707,13.603535887300078,15.97355475033352,15.0
31,18.52979071443273,18.804476271270758,17.755397514437227,17.970371137996672,18.113933075270893,18.18348396676699,18.567427056853624,19.0089799321208,18.077728373666787,18.13149802176627,12.0
32,18.48884042448092,19.98044694215679,19.242891666383155,20.038817138714187,18.61731394549954,19.800908685101106,18.901262686849865,19.60375987312053,19.344675513141983,19.051742796336278,20.0
33,17.052457158259116,17.967780477569875,19.481857083292844,18.797351491067147,17.971155728677797,18.31244549029835,17.290072764536504,19.17134145337697,18.865504182371893,18.778884044399746,18.0
34,20.425473620431042,19.54661778123427,19.61373324152057,19.07217576570792,19.4503040444168,19.778453258754986,19.11159765757789,19.54564104803918,18.819407478490763,19.227277261596807,6.0
35,19.482990983514483,20.03891522051689,19.324889059502624,20.44349095734694,18.26870963186655,19.679470012113008,19.379495677943734,19.41308367100673,20.940939786030285,20.61494193179341,19.0
36,15.46685594127047,17.329670252423266,16.732263888236297,16.370079636202867,14.96065903831406,17.941906719607285,17.110726778361627,17.20064378357836,17.100683842197018,14.519025940649115,18.0
37,15.914307738201883,14.242049980447018,17.40955949233861,16.386600917438912,13.63526966316634,14.70757219228619,15.781988778608776,14.923253025642758,16.561342303466777,18.60771902442027,16.0
38,19.04736353887796,19.194280498868103,19.02885318576098,17.837982948222997,18.452078999931246,19.69466528516966,16.93038599649803,19.158234190194044,20.025107735795803,17.530133315430774,6.0
39,13.152997980387449,13.820153687203305,12.65280686819094,13.953784970052242,13.044681055544686,13.894313696664167,12.61076607148223,14.130898891012446,15.483459613318782,12.922015995087747,6.0
40,14.823133332060923,15.76367809868061,16.070811668225733,16.25243101841174,16.091251060216514,16.053869302856278,15.713037137115705,14.971504403945978,16.111021063525,15.034864671260138,19.0
41,16.322282073120864,15.732871904388329,15.07263921042588,15.697588408186096,15.622116088574309,15.985142880125009,15.547979463382415,15.671636321003742,14.539404220699929,15.705565354470062,12.0
42,17.41682354830383,17.79904516745271,17.776043924598703,17.295970039318696,17.458971043817478,17.750171674398302,18.24309153183313,17.84850570507097,17.900740233166577,18.23106325505696,23.0
43,21.810015109709312,21.29921239098976,21.938057688692584,21.634002658472134,21.05853857690812,21.237063607705682,20.712361411493106,21.45030975167908,21.345051579200764,21.971435776823782,21.0
44,14.382831709248574,14.36608493041503,13.102621075066043,13.520836409531254,13.734759317198458,13.884499392523416,14.332177835230755,13.735722990014139,13.939830578375368,13.537986860849742,11.0
45,16.970339886074,16.548195826230405,16.15142208154038,18.013180691119068,17.440997285698593,16.299578266234384,16.059117509045464,16.95235199378667,17.14003278967811,16.68012018751947,14.0
46,16.82497946492799,18.10132956444196,19.2533514890253,16.597095561602288,16.77577509066429,17.816761930741556,17.672060877997517,18.539287288373686,17.691123467788522,18.193469199349067,20.0
47,17.466938256285687,17.586582443038136,17.051822983094972,17.870912980822105,17.566436455274577,17.2489899767974,17.76476236615507,17.546102002546014,17.16828733827359,17.346382342269152,20.0
48,18.467887980542805,19.24371210207529,20.435294903661365,19.10675565298785,19.297003791130706,19.88723069910872,19.34351868894167,19.931264005676468,19.908318467179136,19.216493099243294,16.0
49,15.862238564590985,16.14716397057332,15.60264631888665,16.23162865739254,15.225804940118415,15.471835099232269,15.657907402554823,16.054304159243838,14.967778565113647,15.149405048584576,21.0
50,19.366574473972893,19.507696295486465,19.373025972890858,18.102905513170107,19.187210881651897,19.18863690175278,19.16947870597093,20.077529745467558,19.4203250655895,19.604726112352672,20.0
51,17.710391058669547,15.474122063450201,17.245660003526332,15.690171822896772,17.315352222787773,17.65571914797279,16.82061995556549,16.540997264816635,17.325409421065757,16.67916320694197,19.0
52,16.74387025541398,17.386772711051698,16.586723489086044,16.481066174003168,16.70130304363326,16.94650701194769,17.873246345329463,18.171670365865978,16.584077849524256,16.696686446390075,20.0
53,18.48564227449046,17.93838328797977,18.56169646887928,18.93386983061049,18.835316534753744,19.479082583294765,19.64175969105937,18.770793185131183,18.709968689169088,18.98724363191591,15.0
54,18.249518677565327,16.99473876238556,16.57344560611832,17.120144339800653,16.95318945299057,19.39208168941009,17.883404889903378,18.01783346139662,17.248614532626725,16.693482480999926,17.0
55,15.370872335179378,15.28225598761598,14.925021735162463,15.745221785117948,14.539986813073156,14.806504966649726,15.195452333628278,15.149178008125546,15.358992157429881,16.076620158236235,19.0
56,16.84373035287058,17.114394912606578,16.86210869410943,17.169157841464777,16.849965174245657,17.081491412529846,17.636856883770694,16.20187688817474,16.83401485090466,16.644880908735182,18.0
57,17.574195994210804,17.505285986098766,17.240559746586783,17.577687078060872,18.124504152261146,17.07481688496259,17.28422035792075,17.16085617187674,17.604899404797926,17.619315956726325,17.0
58,17.757309132248487,18.513723507485224,18.41143616929371,18.667284549142042,19.37724525217447,19.0663328988726,18.952710583016703,18.6025321785185,19.073530846618823,18.43697291401967,22.0
59,17.129638308356487,18.235596637728293,17.62923003074881,17.335721046926533,18.056346700228342,16.78681404227578,20.007379257527013,18.08825662711311,17.295424438919483,19.227790926757187,22.0
60,17.476241250801984,18.33503870323432,18.030520522425764,18.37210531750651,18.44739738693027,18.194302191915952,18.07125369951075,18.36223020193954,17.728393410192062,17.30194780444396,23.0
61,18.707442699803206,19.03148307021083,19.797796910055226,19.077486565622607,19.17843891573898,19.857687380185986,19.079584912691008,19.819000648580882,19.67465661803854,18.785701004202565,19.0
62,15.527742989799407,16.600672680097976,14.734141391404215,17.099593220828666,17.046992126160934,16.447914351010187,15.691230104666017,16.43621736795384,16.664097709215465,17.406788460575186,15.0
63,18.642764697220315,18.197454999394928,18.66407391984879,18.11478593178756,17.764234002505436,17.292388817521328,16.620031078359496,17.425794579582753,18.659306124644694,17.145805343972306,22.0
64,17.95505159712529,17.83919171824535,18.169823378602025,17.946337668288663,18.61002602540499,18.48992179976463,18.143239781707337,17.83911356226261,19.409777964885436,17.759085080062803,18.0
65,15.37806383382859,15.470584800513887,16.40704746961748,15.859617935382932,14.490268849115875,13.976785749741738,15.383724803826276,14.781356134890792,14.248659942935817,16.016190835622783,16.0
66,13.451801669700345,14.322239356549101,12.14055571744448,14.130474288567186,14.475510591845747,13.057598213759285,14.812082770256048,14.027803608841086,14.291479590848073,13.534970121023829,19.0
67,14.13743092800679,14.767085545661768,12.750323814360414,13.672370100528916,12.800831051096445,13.945495660713554,13.679019242192634,12.851267261916192,14.218604088654423,12.696352999567365,16.0
68,13.42650699687759,15.393397813709505,13.461978455625324,14.879490246196786,14.92135668654883,15.660700811434877,15.734519497266916,14.984821897408022,15.469040620894871,14.150790472502141,14.0
69,16.75035880374613,15.139010504787116,17.276391505369666,17.4255068602088,18.300207412676713,15.285979575779114,16.70118582054761,16.574366692122485,15.162440233274989,15.94128100204638,7.0
70,17.18391480333507,16.161797157382583,17.133878508348985,17.14207141463225,16.605161741329475,16.699037222963696,17.27954918085865,15.560656321859058,16.164468901786883,16.342575202390183,16.0
71,19.45529753119038,19.131362858010764,19.626135036493086,19.68219144025092,19.72497516752964,19.767214712235642,17.71170292051891,18.973820385016637,19.86197131788154,19.281369729630967,20.0
72,16.56736370672501,16.7885220258905,16.568734423136572,16.455694549673282,16.584291805827824,16.242405305760585,16.513379368334967,16.82418827333666,16.75718771966561,16.316358257683813,19.0
73,16.68486551162636,18.409227763394888,18.24874731869676,16.456491515570292,17.129938365238704,17.839709870202455,16.33758749909074,17.087631680310714,16.85866439015384,18.239929271492034,19.0
74,18.550284464880544,18.296910390077052,19.076746760059077,18.69376163398388,18.0393053567935,17.448235778322584,18.822542276225782,18.101566962481165,18.27052377962468,17.080527208172107,10.0
75,18.28026466296855,17.367419029283866,17.295335509082804,19.596827323911658,18.632839381293984,17.270805402919834,16.950781388840813,18.709711133120102,15.324338070820554,16.452820706793915,22.0
76,17.22353071240138,16.89266098237709,17.13561858657772,17.399046462938912,16.94741630099058,17.534745748333805,18.191784337143666,14.933907548924314,18.135911155499873,18.571500909739648,8.0
77,18.594398448865586,18.369297248418878,18.886438619828667,18.285176113755732,17.722907723392986,18.719299695529088,18.444387959793232,18.96180327180274,18.922530524730924,19.17528798999485,16.0
78,15.179497951059597,17.1242282302511,15.887499907320596,16.290207108955183,15.712038719019404,16.806848105986916,14.378745893638625,15.327474677365576,16.178110926220462,14.458682880452642,23.0
79,17.649084694177553,17.602256167169493,18.73469258287154,18.208471946463256,16.499730811534377,18.657769955169208,16.52919411280721,17.449741409375438,17.79099077728796,17.8193536613232,14.0
80,14.835608794263809,14.479515416755309,14.737062830421877,15.495356973720277,13.8270654675777,14.879221400562678,13.099695324343019,13.797122496273017,13.674336679004776,14.072299775410018,13.0
81,20.46850672156302,19.851489952229528,21.01217598399782,20.139257846283,19.226243669030794,20.400944495070377,20.452155187491925,20.489936580505827,20.2065114692835,20.64259673247055,9.0
82,18.511747797116406,20.02334712155212,19.799241322285603,21.22362837938475,19.994854751055943,19.666186739186966,17.49330740642855,20.812150374054596,20.761848229068406,19.476817665030538,16.0
83,20.41731187503186,20.106568700452964,20.733630373316814,19.89791537752452,20.529327100829757,21.201137997927944,19.44296102894041,19.929977091112498,20.070886251350657,20.60750490655464,15.0
84,14.18446025210083,14.367716645982693,13.597186699540817,14.336022341428183,13.272411040832786,13.839472635623185,15.20802416307317,14.125595986208179,14.453704463364069,14.151150009279437,18.0
85,19.464943956657482,20.398885312258894,19.183721388669912,19.595066517003957,18.397330422783305,20.210376264630582,18.63732180663183,18.948683313889692,19.77975953393075,19.07587132043274,20.0
86,16.842791275297767,16.087558300885846,16.167747108248363,15.90491808349244,15.934453080947247,15.716530960103103,16.041838935474892,16.51457619241734,14.854854227896812,15.464068088528554,23.0
87,16.18674939064642,16.783368021363966,17.541835930277237,17.57748093383124,17.009433210051732,15.731665305533951,17.619381414231583,17.769844797875308,15.67793435716526,17.369279363140027,23.0
88,15.979069332755422,14.7155511300405,15.374930394901781,14.341067145599624,15.32890448120334,16.473704375459167,16.849338816619007,15.102144486360721,13.911672463709229,13.958361562583226,21.0
89,20.19197834503978,20.833924801540366,20.981145113743437,21.208875208803313,20.04894897502549,20.35067577381129,21.439849833394963,20.99909042040293,20.134191711989217,19.769856821362673,23.0
90,17.70552642825663,18.001889089003704,17.966524210483023,18.832914655225196,18.689683961254723,18.389718470060377,18.219912418971163,18.343705466210114,19.294631021424394,18.429912822515043,7.0
91,15.446579975354059,14.505594246325584,14.115745094593233,14.165897929401357,16.036644739997694,15.352685003654777,15.956771660319129,13.855764892782023,14.171239299300481,14.690171646760954,21.0
92,18.701410238960378,18.676618055848387,18.649608026273626,19.329563708757618,19.308870700610576,18.24694150457266,19.197716444652595,18.683772909173065,19.074280306753394,18.420318984251836,11.0
93,19.014016167620007,20.36310432285673,19.96261043071027,18.59120953091549,19.536167777405176,19.776819040996635,19.294232957513103,18.40825236744034,19.465192659316365,19.295661923725824,24.0
94,14.463365135649543,14.913426038340283,15.219124301661482,14.690827306632148,17.018895966206113,14.301665221529685,14.526338611130932,16.17808187855893,16.422206082930217,14.417563002415033,22.0
95,15.08320591416344,13.978086088240598,13.521254105186689,14.610432957056883,14.71921648469718,14.340326778134845,14.293358140787966,13.875464972715235,14.451786865674382,14.987001479796533,18.0
96,20.65598376852983,20.62572212750804,22.48527114206184,21.39696827925217,19.71550747317694,20.61202523321822,19.681516816205463,20.369418463056917,20.4947597080864,21.53331421755022,18.0
97,18.517258551692045,18.37291019230362,17.60318672508628,19.03012132164963,18.64799268954869,19.802897962461806,18.96899303018708,18.993539943024746,20.39184877066893,20.956497550652372,21.0
98,13.971355894434794,12.917150041051901,12.974586570580465,14.10973033936122,12.886773846026685,14.100624247546286,13.653104616664171,12.68561699707777,12.746663223011225,13.605531929471766,18.0
99,17.852898447151265,19.50795883745908,18.54057327701979,18.530773594892814,19.17279582417506,18.11879558616893,18.177471961335307,17.657801503385492,17.92102796857465,18.470415964667712,19.0
100,13.065907705920004,14.207123665119353,13.722426671108167,13.92532517003127,14.286525657418736,13.361553012903098,14.762697434824235,13.972509606173814,13.171688791513485,13.478697815584848,22.0
101,12.599453917586525,11.507737177910656,12.77205058418585,13.23707255148461,14.221592938462708,11.993577975013565,11.614606896866768,12.104773255824359,12.589035015521835,13.00903189344039,19.0
102,16.84373661361294,14.634086703055205,15.43672993962258,16.03748838038098,16.357317458359084,15.722238724311818,15.718289264552912,16.127962925595302,16.371394319961887,15.30212187080502,14.0
103,19.369553115468133,19.182956493920152,19.055077311834488,18.637671174331768,18.081757862543775,18.374649704650544,18.412916856449705,18.876470491859155,18.212737362901834,18.362505904715135,10.0
104,16.600794287743206,17.70148431387103,17.000178118746582,17.276853509206163,18.6537536191313,16.74216360627638,16.068486690566445,17.308656335799647,17.84748378533479,17.61440590806682,18.0
105,18.354070181533224,18.503458541595506,18.476355428994903,18.50300486197029,18.79452051682307,17.463437348072887,17.881842077618955,18.405689534101377,17.617405672031083,19.041270623480365,14.0
106,15.047111898351464,16.37479184725966,16.661712882277918,15.6752356522131,16.643928500384867,16.922234263798746,17.752771547679252,16.376786855371385,16.89401552681489,16.410271129746242,8.0
107,18.25306077814301,18.813615910733354,18.348956141181546,18.248776344632322,19.40658075610593,19.066178559975867,19.05355994092806,19.525625622113083,19.489989100967662,20.081005736294692,10.0
108,14.12934502698765,12.746344180303609,13.294708420839758,13.580198205442173,12.53943742934278,12.613281682623322,12.666324241851651,13.39431652124276,13.885315343024796,13.226528868942747,11.0
109,18.74613654917473,18.292486432816524,17.630638642246737,18.66465959062969,16.21081422046757,17.89754306477962,17.577771488308368,16.85707779498123,17.92088256920269,17.22317982021227,21.0
110,16.7245300247883,16.86001301264114,16.941259390446724,16.821555500032854,15.659415905534113,18.049765844504375,16.423151426949982,17.858304431642274,16.800634265184783,18.430745150240053,21.0
111,18.07711181838905,18.810871781608135,18.39000236918386,17.613441639294184,18.74357571546057,17.478541469400056,17.39279561177579,18.19303443947569,19.174835523623333,17.643261381674158,11.0
112,19.183503420097352,22.613989995791535,20.05731838132708,21.81084611329547,20.470133658814635,20.633166432471988,20.37217212722821,21.43279150890988,20.087095004698384,19.099851749412373,15.0
113,18.35938560167662,17.62727140200846,17.525155424311485,17.853342035092652,17.764127961427754,17.61029226610145,18.110297278552594,17.910819413251616,18.473216225466807,18.49748055854656,15.0
114,16.308215346738262,14.980966101688171,16.85023653414152,15.765611221795123,15.428807663876825,15.676926890431513,14.331965385843104,15.618411740574103,15.505909812331268,14.652048462626045,20.0
115,19.092014598442997,19.77866726147412,18.361925740992568,20.564114206882277,20.196932130693,18.77830273279184,18.197046303273588,19.31613228440694,19.256895251792034,20.10877128240463,12.0
116,16.509516186146307,16.224606269130035,16.415269471134362,16.83907562603683,15.997435751394224,16.177261747527048,16.437751106461413,18.045375582849587,17.10683728542407,15.620485058461389,20.0
117,14.92297389217785,16.38989552807868,16.70296161331678,17.145504699148702,17.199006764081602,14.908335689348569,16.88078813665836,16.60589550968781,16.193116294078173,17.016155069153058,20.0
118,18.468444112544486,18.547890528805045,18.553153596584202,18.833998172545094,18.897095109839082,18.835071165000933,18.837413386044588,19.16279794699831,19.236150046826275,18.00133811013425,12.0
119,16.214932350373203,14.595592219180498,14.734338237103113,16.17729292276471,14.836364726227723,14.927989737851037,16.055271331596593,15.709777898111923,15.52702371952699,14.577665300478333,14.0
120,21.103527921490347,21.624917261641663,21.395872897202842,21.04091604464682,21.811222252422542,20.94304750618445,20.610018702435134,21.528057768143753,20.894422677433514,22.530569752674744,21.0
121,17.816822344709834,20.011775288737475,17.956813541178878,18.902991556591523,17.59236216997627,17.533141411996823,17.986113251384232,18.36027939665035,16.617104662952695,17.215593239032163,12.0
122,12.609656454532917,12.967108714129168,12.33584114911925,13.66458969140872,12.760218121961412,12.774517179975241,12.488451842553763,13.106433523082917,12.850247380449101,13.472064900755361,10.0
123,16.765200925924116,17.258876114011372,16.87940621877523,18.30812818113281,18.122029732232207,15.810861807973643,16.26955688804853,17.251599810879075,16.13373360653341,16.231973888936047,11.0
124,13.263788696972956,12.86108915347739,12.426237042843947,12.43040002422575,13.458827339726758,12.295880536235154,11.86773019017184,12.74843774817543,13.076600699134753,12.118900247389234,16.0
125,10.40909773782084,11.91517696615269,11.297000701045405,11.735251518976066,11.681681208800704,12.233279467267446,11.65965458965784,11.723191793758456,10.371554710125174,13.208208102778247,18.0
126,17.40173141163217,17.72694942144222,17.49439038707005,17.084354135255815,17.846129608279156,17.900420182206908,17.00352642702383,17.065176086532837,17.159723465039153,17.753819824919,9.0
127,20.490857947050046,19.415838752044174,19.291416015247492,18.783047343001,22.190186976858826,20.866152818596976,20.149400057377743,19.122189749878736,20.70572933335043,20.21100156923096,22.0
128,21.61106894152702,18.974422016894394,19.98028456741835,19.979113464515066,18.835628165473317,17.941195549739977,20.66389925861026,19.617821298943092,20.621335520885406,17.35181128424133,23.0
129,18.945742337944218,19.188625549451668,19.65751174101363,18.790680447097106,18.783781655606532,18.364130564141195,18.649625612911066,18.99708548054638,19.2199779197528,18.764180852380953,16.0
130,18.05593281944153,18.977436845349217,20.113818809778763,19.19793448316377,20.37895188949991,20.615039086085464,19.28043096513283,19.717160182101296,19.086195870253377,19.74995626406711,6.0
131,15.554527431910316,17.293023104189928,16.155491222803427,15.959605566634497,16.86537473542569,17.581464089947346,17.7455469911298,17.40310148921116,17.542930888655516,17.087101283116993,20.0
132,19.238811233428073,19.127811092831593,19.22634303574658,18.449486433306433,19.916459201577986,20.186270702306597,20.084586991196897,20.29958661421045,20.741297017379566,19.74122515089494,22.0
133,17.828163515187185,18.300165549873082,17.69015451667847,18.611794228574624,18.19708015270945,17.95306360484604,17.592368655086496,18.7684356532683,18.765520989531836,17.287404516949664,9.0
134,18.671139042152834,17.41196204230829,18.123708477354178,16.987421401274673,17.40581348575498,15.675624057623793,18.53498659587646,17.48318617215226,17.873168796315788,17.031141452001116,21.0
135,19.212732590418973,17.144036924201004,17.329875888891912,18.036630597024143,18.980414220353573,18.727872902366258,19.183742338504473,18.287931350055025,18.514171078561848,17.823214001240864,22.0
136,18.57878477393281,17.087186535379253,17.90488507829729,16.93569500086638,17.593025387966044,17.167177079647338,17.09933245322717,17.12783636418466,16.152840100460917,16.617279722416924,17.0
137,16.94903810408383,17.477481603273127,16.32861959295426,17.423289531847942,16.87956786538715,17.166896883874706,16.816558277746044,17.522677380164033,16.450888630153656,17.207551155458763,13.0
138,13.796191451879919,12.545304269560226,12.645774827484912,13.09161972716031,12.156425229599407,12.371713694166548,13.114053775864413,12.321429151463908,13.349381905269047,13.160441413044142,22.0
139,16.34531056161906,16.825323706482543,16.924307846293463,18.11731653941754,17.848593771470632,17.041309997212515,16.608513556013946,16.140821337240823,17.48344494308706,17.03094118005852,20.0
140,12.129804805227673,12.266503369780365,14.086273350624474,13.119057393676886,12.23234330315431,11.990280665978032,14.33294420178726,11.864381956721353,14.006856782748027,13.55878127611179,18.0
141,18.337816137645618,18.52268747425294,18.577081081405616,19.40520175400276,17.90504745890174,18.361710814993742,18.60989662211649,18.684766679013656,17.924650203666094,18.399571818865628,22.0
142,14.996854047821246,15.180470558144414,15.047486472334791,14.30023123741546,14.784680858954196,15.191981994251423,14.729586331849044,14.843430785164582,15.553507165204492,14.91634308056021,11.0
143,18.93782140893273,20.619151214081086,19.577575233358758,18.934023798036748,20.37295466402142,18.715735261246678,21.49217307642133,20.10231669245215,20.50911765351043,20.716311039219086,24.0
144,19.12736008584928,20.94584199203735,19.921465936839752,18.73535822843664,22.315786183372733,19.854629006076237,20.08491994945367,22.17607990790752,21.75292963501009,24.678440420951777,12.0
145,17.649524652202764,19.56380635798581,18.79332027686398,19.29745319434476,18.21932633349678,19.429627079850416,19.4403604063352,19.281780964726114,18.33377298154508,19.26613935583255,20.0
146,14.99113829062805,15.9425533682547,15.009126493632312,15.369190982212341,14.884764260145861,16.17018216587549,14.918672758479913,15.383940572010886,15.874913450864069,16.561767435451713,10.0
147,14.446081192206643,14.845636211906696,14.50496882317325,14.523672162411128,14.32222813530493,13.812541667162309,13.449510409823656,14.584057756897735,14.903220010131996,14.956629448473382,22.0
148,17.609892947382523,16.629584880038657,16.582614942575994,16.52866680086108,16.429155924267285,15.288348076251765,16.85186271633624,15.739350130659325,16.706801425374458,15.975654165055806,17.0
149,15.577642874639427,14.548032130817424,15.160727334073552,15.04710245688035,14.981160811334629,16.17095732270662,15.04984169363589,15.034284935189767,15.280494766850513,14.732948801114716,11.0
150,18.584726199139148,17.87936615039059,17.82037391336802,17.952264249443424,18.23125263186777,16.55616767432549,15.762056758739192,18.46349615993715,17.46829153785279,17.766584517580625,20.0
151,15.828756548146705,14.628211787182158,14.49757888706618,14.507822200093408,14.847022062650737,14.048532068570157,14.716408358230007,14.870660029789509,15.60226872694338,14.973148052346936,8.0
152,15.60153198594653,16.08854544578633,16.812518111234137,16.70184419292859,16.87536372263864,16.50590970235889,15.256821112877725,16.77131239758945,16.730008942254056,16.61275373080779,10.0
153,17.95269250613684,18.0295606989361,18.143888929803396,17.59679265758627,18.095626103623466,17.291625911916093,18.193993441917442,17.97786803830096,17.367404649583737,17.31576731775459,19.0
154,17.940798661008138,14.95994496044487,16.777409129268385,13.750061512485628,14.935215576843497,14.735902604306162,16.07100881187147,14.62880836504906,13.999231768947851,14.21045625425099,22.0
155,16.7349704985135,16.70524888547888,16.874244328987878,16.988234727133367,17.656188209320447,16.2908375931204,18.93270751832454,16.794826944686214,16.077171025755487,17.22137142670681,16.0
156,15.53843017699177,15.586274317783571,15.30596600457189,14.997659943527934,14.516765108960168,15.519675274106635,16.42693628990793,14.95644828715382,16.023136785062587,15.592956360420871,22.0
157,16.692764305967803,16.883517340234846,16.158648006197897,16.668022732126225,17.024370855851718,16.285350364115274,17.497590593870207,16.675409403228315,16.9929695600137,16.790879271466526,24.0
158,22.243684554119753,23.21372440086035,22.300472095720114,23.04493730705562,21.650832973804633,21.30809364689369,21.47750849141729,21.693464803994523,20.54453967905463,24.470936077134986,21.0
159,15.344675680875568,15.863337794625217,15.128601098236794,15.101217077534237,15.30213425755835,15.085300640922243,14.495375064626169,15.014771281874163,15.429089114788283,16.250006111935072,10.0
160,15.701686190243848,15.836726755823204,14.61393375351522,15.59108166257317,15.653836927746788,14.916694735055067,14.727402196583842,15.725802434574224,15.338662315522303,15.505566317824194,24.0
161,18.73229408602424,21.172035583182126,21.812205174198596,20.889905777411443,21.757641750306252,20.086732420487067,21.93557746931352,21.901734747263728,20.07336682818461,20.773100259117143,11.0
162,15.266284015197714,15.512054978298512,14.438200052271924,13.51870936559223,14.912603151582104,14.293770804120246,14.298862555129205,13.714200686264856,14.622328534477544,13.759067692273405,16.0
163,16.145904354662953,15.690883080657528,17.301441848256758,17.72587581880014,17.803811122158507,13.927260407067994,18.856545173118477,17.802073117422783,17.872269005014584,14.683940381282698,9.0
164,19.088864179675554,18.070447535816697,18.268569043367755,19.062223016004374,18.23102636052749,18.653042808459695,18.168959580082024,18.43705562942296,19.1166048073771,19.214449031729217,18.0
165,17.966267521425593,17.773387767770664,17.824767431138547,18.044335353677027,19.626185831915066,20.14955336057043,18.785683778370675,18.65449608190238,19.47616013217816,19.954828312124363,11.0
166,20.590962841349857,19.58581616431027,20.056929068702587,19.888933863930927,20.652658696566988,19.640418591957197,19.8806149105885,20.243331894114007,20.949475663418607,20.870912528758495,22.0
167,20.151946332444343,19.37648387365055,19.628608523312224,19.783860041930613,19.065554277512504,19.975791701876208,20.161273534222147,19.368800883887502,20.2291107908259,19.303722290901366,23.0
168,14.965305629484462,14.91097996255374,13.874679656828931,13.93372629999985,14.886842798776293,14.432854639070499,13.923505871670761,14.381622265944973,13.9526428046081,14.001396467332599,21.0
169,13.694376456731714,12.494118230629436,13.327078148251971,12.550941102380087,14.858321201464822,13.55921914952741,13.375558144972814,12.807780708212285,13.9159440406534,14.21049126188569,21.0
170,15.993004580294292,15.904436650869753,16.758966027983103,15.931800088316052,15.047102219652945,14.830092807722622,13.881164981147625,16.23158632990496,16.510177476217507,17.236297336925517,19.0
171,15.890255011447136,15.05778985662673,15.230550148840578,14.114377059009275,15.622959946788937,15.845134568623125,15.36346165501158,15.690054278241533,15.812055120075293,15.713615679931436,21.0
172,13.443855801149088,13.92242942941682,14.016055645909379,14.515959827938676,13.48518219620094,13.507177739505504,15.275733679167029,14.4922525487273,12.900242895102203,14.137669430909352,24.0
173,17.646066604614013,15.978884575023491,16.853163320946145,18.027563907210492,17.236795068509583,16.547217841596243,17.51340032701384,16.948255226879844,17.57417204648999,17.14998291886825,19.0
174,16.393186291984424,15.420075161151697,17.292797051390316,17.209420069667214,18.223313069539184,15.666948021582929,15.925918606976115,17.49176132857111,15.922136474756972,16.78807018228812,21.0
175,11.62806227686369,11.442802631725582,14.331762085161042,14.030052972385903,11.672943447900067,12.05779631006067,11.914885322962474,12.171893811460453,11.660695358038366,14.136985942985392,14.0
176,18.679872886124876,19.664240165650284,17.59373861234502,19.00633420980977,19.383398418363726,18.381789978151186,17.907219559173438,19.097716587303672,18.568116040054353,18.004823532938996,19.0
177,17.770395686077627,17.71286783538625,18.887979361548346,17.809365037867547,17.96771972018045,19.456299618268254,17.87851847103878,17.73803881514381,19.331931170169995,19.00445825092891,18.0
178,16.79938167124741,16.70275299334984,17.737800751121256,17.973351402281814,17.955572054696013,19.569924333078227,17.132352684179324,17.13048261188615,18.917303938683325,18.07598021359746,18.0
179,17.104589145064764,16.82404965211329,15.772425865298374,16.475728247323097,16.038757618041274,16.73056871915472,16.36595350946496,17.589652852336243,16.44185873340334,15.942325145330374,19.0
180,17.167124026497998,18.28762234894443,17.875818123105958,17.62002622778696,16.987311807486684,17.009791186010567,16.787638961832464,17.541848156966868,16.892855720746336,17.465737742509447,20.0
181,16.313565167319823,16.12554964188253,15.914631107336385,17.09207565328902,15.418687827101525,17.18655815752582,16.07546608558928,15.6228607499059,16.71486936111755,16.72259082779079,20.0
182,13.318369966016874,12.825514405967905,13.910920526306544,15.6096858203979,13.264486539064999,15.180493826150368,13.994839254895341,14.958929988188878,13.671548963047563,13.960514376424854,11.0
183,13.13253707247587,12.839159291824792,13.185936943758437,14.315812847381206,11.997907888954938,12.498383180540905,12.301381184575979,12.575332982015835,13.685211327741168,14.262723378448104,12.0
184,13.445537447059662,15.613293667453142,13.791062925775382,14.271380062049943,13.992419518112715,13.8416562133506,14.46512079631447,13.830388943279486,13.38879065836991,13.138054002225616,16.0
185,16.76472345997859,17.89918268540989,17.538021226665688,16.830779845494796,17.651826419803832,21.461682134834007,18.526361436187358,18.682540002033587,17.807567367196317,18.837016823450657,20.0
186,18.19981900829679,16.54318134093557,16.88976911868161,17.705111575844374,18.511827779079834,17.03863670497103,17.48422931577489,17.10738140822258,18.35073026312038,18.335197266632683,18.0
187,10.66842465649262,9.294425717559962,10.794222531149659,9.727902263790675,9.614056712512523,9.42333338605479,9.15297246220198,9.351740913237995,10.743414988465492,10.980001919203007,22.0
188,17.607680930587364,17.152519860195056,16.144802216536323,16.313416394011774,16.109376379911666,18.522098250193565,15.433746422134238,16.476261987074835,15.235987273646845,15.83437747011789,18.0
189,16.20628198169033,16.44390045952247,16.196894191271884,15.80428333992672,16.893772185031303,15.464084507413975,16.088450530689805,17.11579518091609,16.901350736636424,16.928944651011456,9.0
190,15.566732324112943,17.320953431258133,15.512007801430446,15.461638119354753,16.42420691177207,15.614668897027176,15.259983270842909,16.383569901895587,15.708846537831416,15.755216413431324,20.0
191,16.21621091131934,14.739635363317865,15.156664075329484,15.380289573828204,14.716555123250995,15.264933867287738,13.718849073138514,14.643075585063775,14.173903161464652,15.050032015361946,22.0
192,18.41922106912157,20.20046636138179,17.726463584758996,18.627855131500155,18.887399194564438,20.341235366331052,19.417415199522793,18.21301612474425,18.676240006626806,19.139008382506937,13.0
193,17.80040917672275,18.116612516829257,18.016505519841544,18.49850990691715,17.9350131345343,18.44757458441301,17.77370910964948,18.203890717845507,18.436887059539828,18.29483358458507,16.0
194,18.103627580510597,16.842437045322438,16.13772149559013,16.281069698658214,16.831235667535097,17.539571827833154,17.837871336152798,16.62007816515947,16.41149478035099,16.236613090904346,21.0
195,15.295536856084384,16.004601074215913,16.292367732839836,15.663975898496421,15.151860249577348,15.449921997978752,16.271302262216572,16.00800465482313,15.124687461940326,15.886094281769708,18.0
196,18.16731536345989,17.67696909184685,17.956192131743116,18.341707372603704,17.980355844733964,16.90378139258257,18.41269693302391,17.921313081003373,18.391370914464495,17.562679344089915,8.0
197,17.787533752620604,16.470553960708703,17.457663324465884,16.808624322470887,17.64489478292185,17.524768070812897,16.677851133273528,17.32945087527593,17.907524480456107,16.245057425473867,15.0
198,15.465109671644143,16.006727965635342,17.811722214805236,17.425496233316853,15.475183716602455,17.366723760661216,14.782230544396992,16.067302920604995,16.647712037942295,16.626034576645367,17.0
199,12.973683251557459,11.415881014637632,12.999818510046925,13.216904908368441,13.124423057632928,14.129354153895997,13.361098534519101,12.311963051975347,12.919290064959661,12.051021964202258,13.0
200,16.66850378870001,17.228428313479014,15.79113569412327,16.914205140630745,15.835503004127915,17.483723331136236,18.15857028881955,17.900880458964195,17.702271910400775,17.27114106736169,19.0
201,19.26897712126172,18.983915171314123,18.312113777743193,18.97567352159661,19.32927776170898,18.58851452559874,18.61965256179853,18.50667641000664,19.097031161983296,18.24170122725127,17.0
202,10.410510835987985,10.674613158902279,11.431481486283081,11.309445404759822,11.04792774667138,10.964992958454863,11.04718111816775,11.44158303619922,11.083741780513767,10.746224989414861,22.0
203,17.454252896890168,19.255213372005414,17.798280153458734,17.404321351399183,18.561733085912977,18.113214392143927,16.906089943223886,17.81870094597076,18.51866942477239,18.192929246722375,22.0
204,22.90646099439397,22.15214898951576,22.718041749287064,22.240734817264823,22.36935040108344,22.499190223891233,22.70426555515655,23.120386059363256,22.27242923011172,22.950984232534225,21.0
205,16.912453529723695,14.830433206051524,17.044663474000295,17.023917812349023,16.441112489316712,17.3592301569923,16.867658896076954,14.819584902891805,15.690410230676896,17.276792503516546,12.0
206,16.6752615079611,16.325223536138104,17.143870693729696,17.26974919996933,17.756195825657578,16.468065324936834,17.424685544687627,17.1762673480536,16.722108706988337,18.4403023045979,23.0
207,14.639318629938089,13.326731559029522,13.760388676165794,14.830426385695185,13.467656481227825,15.107126604429556,14.514046349009572,14.281779192495458,14.139974998058584,14.397152420028709,17.0
208,18.335711747595646,18.61105017345833,17.17075518634026,17.101321809839316,15.893715349729352,18.057792238994203,17.543175032825985,16.629971027299515,17.26282675919245,16.89691386061384,21.0
209,17.30696790452867,16.823311597020584,16.4128409120148,16.875583149867,16.155686219184233,16.667065928018395,16.556594529563537,16.57062071135307,17.52975924239484,16.61218224885056,15.0
210,16.319717080698148,17.60958087063209,16.669150477594876,16.545192469681655,15.967269233331049,16.082371961365517,15.109448061047864,18.08449339399697,17.261676982892638,16.493253541256813,19.0
211,14.4607105604377,13.099542519451736,13.995844719767813,13.805559558830424,14.656697278932782,13.537824406751069,13.499965664508014,12.78115897395927,12.870751469654271,13.09933278430601,20.0
212,12.618275124411026,13.029691364440527,12.853885317515225,13.312738376599013,13.789025599995606,13.086467277515455,12.517215176170389,13.414923768812253,12.479021860057657,14.721528169980584,17.0
213,18.014500926637343,18.12689631982854,17.09416206801909,17.58723613999873,18.514159069800602,17.659118999570396,18.21676394857213,17.73419305871299,18.304159694868723,18.114743908088368,13.0
214,22.06414157221212,16.153612355537142,19.784812966032774,19.197060457295915,18.80045504129697,20.940751565548894,19.125092593238197,21.148607537724942,20.666330306924422,20.280167259483985,13.0
215,15.125858732991393,14.760323042829434,14.160819635176146,13.635193879849691,14.159897145500475,13.906564107870139,14.566011361580212,15.097785037601522,14.63791307094268,15.453832009240537,24.0
216,17.834485888067412,18.868369174192715,19.71055618519494,18.475662714966973,17.939233293537313,18.176886757973634,18.07154526602291,18.20120986995329,17.870539240068826,19.100647948543326,21.0
217,18.118367292584956,18.546314128555764,18.700261171602534,17.95229268063884,19.026506707373695,18.112269926618684,17.637168656921947,18.870544184082313,18.433589465584035,18.150178448479934,7.0
218,14.239807098406997,12.311739650992607,13.915790296763614,13.767426500289979,12.6003505359132,13.579759864082103,13.464247010617857,13.932318271776737,13.388557695752217,13.66761195296681,13.0
219,18.77663651458962,18.30562350692834,20.018578061745828,18.610005911237273,18.710377920822097,17.982094950597585,17.77333417741412,18.17234741301955,19.33274711240422,19.117005723167296,7.0
220,20.023031687653138,19.904120057370662,20.474453161696736,21.533885124662376,20.714212840223507,21.094929362856554,19.785947996747204,20.445292937019232,20.525080349922533,19.680258206164876,22.0
221,15.893313130351348,15.236811428373667,17.66577655282598,17.16210266715563,15.717694431413125,15.820883441112015,17.233959862801772,15.675899612272094,14.900204340561633,14.734122535985755,19.0
222,15.047510697264297,14.216297188872879,15.218824943146696,14.892894808587736,15.9416736144385,14.087165015853461,14.199363065564778,14.99334218535469,14.929544577145425,14.11374546205008,22.0
223,21.19436975977831,20.786697019910413,21.761684709081607,20.910459947389647,21.402457380882144,20.709182200740287,21.00306495537582,20.338452760170412,21.6903219207437,20.95267064574177,21.0
224,20.513840252379758,21.78208365983091,19.67504721149563,19.90210856519719,19.14857881791988,20.784165343103897,20.684367335189563,20.795890891079235,20.952877589026997,19.622483011798465,18.0
225,16.161614750044663,16.357408653383064,16.280081913911705,16.29608178428719,15.502879112386328,15.475169848516153,16.935680704648988,16.214612318885326,16.17038714041736,15.507338121164445,20.0
226,14.419246334237132,14.88555167330961,14.499122642511288,13.621326874199646,13.814241102119595,15.15002673532511,13.866793460466226,14.569290488169923,14.220856286756476,13.690334882757313,11.0
227,16.533928542910356,17.452321511949414,16.440113697779623,17.317013789215732,16.61598146956469,17.451421509459845,16.40392676492194,16.921162723808855,16.50261134936863,17.59726741281756,12.0
228,16.846475303723757,17.042912170766417,15.709809738387523,18.502174298151743,15.01586621576953,17.924514992518944,16.059454826690228,15.754320900104446,16.264016716793616,16.69174831633775,17.0
229,18.08286876027283,18.805885915877415,19.039299644920064,18.124833698959836,19.66534474636255,18.797858267696586,19.110492873447242,19.239425806969056,18.75936532692682,18.577868434070595,13.0
230,14.688287205666981,14.741251999541273,13.578563721812127,13.960366205838321,13.975417268515551,14.16802507114182,14.069252893793784,14.224340694400135,13.565574993318851,13.643564056778462,19.0
231,17.708556675520292,18.274693294638215,19.61119645073129,18.750084896242818,18.761970014631473,18.626776296539006,18.075656731029433,18.943571811224665,18.49387385690718,19.698176084866127,20.0
232,19.388332085373325,20.82220216116592,20.22011667102384,20.104883527799444,21.052683667719037,20.165149382928085,20.430623963962883,20.372376991978193,20.360895632018945,20.756160345292557,21.0
233,21.276148478122646,20.7044774182065,20.36017997803456,21.40918987677724,21.691645663748808,20.743530750615484,20.357791462089097,21.125916496356034,20.114103212507928,20.574828471015373,23.0
234,19.98967782952005,19.819206570518595,20.326196229795144,20.445723087994615,20.444130716198337,18.6070826449631,20.62530861880223,20.476675541769914,20.954768550251934,20.054408670348337,23.0
235,19.749151099677746,17.53931958331222,18.849267824482617,18.490141244235563,19.435050123967955,17.812774750010078,17.78802687791101,19.188468156008643,17.94867156016241,18.891010177184043,20.0
236,18.338594003322058,18.354136990290556,19.379428153623046,19.534341590365237,19.060003324719766,18.623576958212546,19.288425165733088,18.175905604486005,19.020073111241807,18.60610533960505,16.0
237,21.22491316966898,19.673858918109463,19.820829287646703,21.654655347606294,18.622501461291183,20.94802708147648,21.839225770796105,19.893889460829303,20.21133159065413,20.741995040090927,12.0
238,14.845352372057382,11.979138448698059,12.577123313578227,12.915657118276316,12.314723974818875,13.320007443092681,13.512685000646755,12.210292396702195,14.175125900258411,13.680685096807146,15.0
239,21.049045831085216,20.621463929070558,21.662909494084474,20.74042671683268,22.09809553356883,19.53044508402938,19.673093863249477,20.260232654135194,20.860320482992904,23.368866361883487,21.0
240,16.030700788373668,17.46468588010566,16.78515784689541,17.159972853218825,16.014330667841598,16.751053124258867,16.563207609897866,16.110213295829247,17.123276279316638,16.533424061933093,22.0
241,16.21829129716116,18.838334884063503,17.391898036470117,19.09946455942017,18.52215754188338,18.786594892619785,19.603416357758825,17.717714101291307,17.6806669168118,18.340932973870665,11.0
242,15.134628294301137,14.634881817585569,15.908262781369059,16.528699441024884,15.585565313549573,16.069659075661377,14.745564970606726,15.60306865533752,15.561053822242002,16.536163369335675,23.0
243,18.16566544657958,19.310283754820695,20.0719553123852,20.35945694314123,20.09896923005232,19.24087452825744,19.558974757694028,19.47013041019185,20.166255634882308,18.660787614138926,13.0
244,16.319435894572333,17.09310005145089,16.604727544728682,17.27826463560303,17.49671211485516,17.840943655167415,19.272935706387695,16.240187805526492,18.694800818137537,21.319792010521276,19.0
245,19.602817287358697,20.49056195244344,19.33592742029232,20.250335918070352,20.649198212173836,20.481905328742535,20.288141016820752,20.17164702522978,19.97324714631981,19.53100921150672,20.0
246,17.182093478539553,17.042776798986218,16.471662002314517,15.602151666230451,16.92388789649257,17.286503825116963,16.211048585967703,15.358612125248431,16.87332856769481,16.6888565309245,21.0
247,12.934836507163686,12.545861295664245,12.309195145540807,11.266523869199474,13.419220519155429,12.757789320768936,11.479351845994307,12.855532909593265,12.438213438621263,11.359234095879422,12.0
248,18.519343805625333,16.663600415577253,17.347509941104384,17.610770765469134,17.522652991447217,17.807991196462172,17.224417591675373,17.882564643182313,17.9207239847981,17.088721303083354,14.0
249,19.29809197323483,18.339537658625197,19.417223860422098,19.36376285022171,19.80695282496743,20.09867804171101,19.197906209943866,18.511084844457308,17.8870222243824,19.386499999287643,22.0
250,17.583119456959054,18.31579930950041,19.220951339425397,19.460408988512896,18.592054707033526,17.69124241273034,18.788983041100423,18.23148837755166,18.718883704969628,19.15260178627807,17.0
251,16.693485401796423,16.33384516690513,16.229061775813197,16.54116600889612,16.014744693895576,17.033849123884274,16.046005017702516,16.617837942203945,15.283432988006776,15.871242353457193,20.0
252,18.93332345744716,19.8260566131455,20.32533494055508,18.8329160182674,17.9233484949716,20.72627553080567,20.061425883465244,18.710951027029306,19.428054451908814,19.59963717123555,22.0
253,17.951064010731322,17.482710923856402,17.739314295990066,18.248240704406783,17.813601649147575,18.141531985535863,18.10977438209565,17.907019797127813,17.034030813106707,17.808854944145548,21.0
254,18.180384064981624,18.20531496318831,18.170768716152207,17.91161351480322,17.796499188356435,18.220944931420263,17.943455236516094,17.67798077576831,18.260150965877465,17.75685035455613,22.0
255,16.133783950088553,14.172542172812355,15.053016050405155,14.787499051134661,14.85055186176913,14.442798968475817,14.636493206991954,15.219921318990215,14.771336246985703,15.322054352495279,15.0
256,19.58510855480543,19.523657375330295,19.791458095287247,20.070687162257464,19.590916419895244,19.575343328246213,19.641526810405765,18.80701354879352,19.029702710496853,19.14190404392014,19.0
257,16.41061000089607,16.688532340067788,15.57969251860899,16.227469415940014,16.7027469365691,18.72857647005391,15.651872838196017,16.27447880917614,15.562567275175997,17.693111408215024,12.0
258,19.13818193227072,19.41562565707125,17.1126633559821,20.428538749025094,18.13663820710211,20.231133807278226,19.521932265878327,20.168080923341805,18.634379719714403,19.877591010743934,7.0
259,15.347325022897317,15.605702097697314,15.5643555213734,15.382682137423183,16.28757757391954,15.364227346708743,14.946223039231535,15.292273867710117,15.815669932034478,15.294746265492403,17.0
260,17.14378145539231,16.27236630778139,15.684233990359195,17.065052463300738,15.984548470445768,15.494471422428667,16.28244810873217,15.441823050760119,16.99447811495698,15.41521954322831,15.0
261,14.08836338348331,15.197536527031474,15.223703876136089,14.571043601077722,15.131641400832656,15.310756295637704,15.504382494730024,16.08680446604861,15.359607559451923,16.09243150051025,18.0
262,13.549821873413462,13.030983366242367,14.440129177798529,13.139285088141058,12.700965272385362,12.416237239168117,13.86413815770766,13.410660048668795,12.955152122784645,12.770910481859495,24.0
263,20.466676945006892,20.15899416748411,20.196969466593682,20.878683596733097,20.084892858627576,20.29344725521835,19.112471402931483,20.053018498054183,20.245104322458452,20.222363188518166,15.0
264,20.617637058282543,20.975173560639384,19.98770863188985,20.40728470262492,19.821640916376225,20.732764809610835,21.429784512805607,20.95421685159586,20.30311861528132,21.32466289261422,17.0
265,20.354618053870944,20.53154730535912,20.76518748363705,20.944589371223465,20.222540551280428,21.356567394062857,20.542217716066496,20.281340755961935,20.86111617466228,20.390602586449067,8.0
266,16.76273145281765,16.71759287687882,16.839989399149843,17.642307586900767,16.72979405124491,17.603312190249333,15.515951087660842,16.723061532884998,15.97210125021357,17.74347221707917,7.0
267,16.913818021830195,17.43575655562648,16.514444912947965,16.778814198062655,15.475532450196168,15.502781432370096,16.357823081052135,17.531843656998504,16.731807847620804,16.617282536101882,10.0
268,16.32245693375473,16.61926460472501,15.839019195730007,15.92788868445252,15.27025247588423,15.769799920042423,15.20223999008158,16.016767946591578,16.29341499401523,15.580243957889387,17.0
269,14.69165937622626,15.023673927207831,15.461071043818452,15.28557815860545,14.966448515695342,16.69536374212463,14.399090572717476,15.331231378176897,16.763934486021398,14.145480609472347,22.0
270,18.638858275920956,15.738798959074682,16.97291119104171,16.048532283674753,16.749822146704453,17.082528616099996,17.64731288041549,16.059040891841267,17.23095820678916,16.134016085211957,16.0
271,16.546076565689038,15.473127449208171,15.98968671939923,15.503446269524133,16.546154150379714,16.014359557270403,15.97565238053787,15.953565600991073,15.829164483510246,15.02528759364101,9.0
272,18.087696967922803,19.427008134985364,18.28766400411127,18.43200676717857,17.925337451270103,18.77466725473999,17.643589971910036,18.777447007992855,18.48283996212551,18.507294600713045,19.0
273,12.184233281125053,11.956384916334144,13.710982751450624,14.116537349663464,11.466104411852982,12.792632945953326,13.867425631415149,12.67259493459638,12.414142377386915,13.67354117218779,24.0
274,11.276556260196516,11.765065096423825,11.676118914940933,11.618124564023546,11.069561024995831,11.73147334912457,10.024244732192619,10.677465374968962,11.865377684281453,10.950055817749682,22.0
275,18.504768249916697,18.80470749633224,18.299518085078407,18.624977311227706,19.039903324603298,19.6735477538002,18.6678853407168,18.95227346963526,17.876750302320453,18.532033342200194,23.0
276,16.099632622124076,15.408905515000013,15.724623945902191,16.875022004609292,16.413559078891613,15.50944988121056,16.360299249725248,16.324714720868702,16.37372692171067,16.10161349183859,23.0
277,16.929821127183047,13.968473627176282,15.800991567024699,15.254411972274646,16.64600310383672,15.891303022081086,16.450347089941523,16.508751916912388,15.444023153580913,17.19933897710515,22.0
278,19.231504791293396,18.842363905927154,18.415737937620058,18.883907510382254,19.025532094263035,19.29944989221909,18.242619059611023,19.37199431979368,18.149441866067004,17.240801480827848,13.0
279,13.507820425550886,13.685856516315361,13.01937830363335,13.899859598086522,14.91023519275723,13.51371527382717,15.146737287009817,13.177873917138157,13.838643701856066,14.49263907926642,6.0
280,11.520413344327368,10.978504308297468,11.645604078940421,11.22396413765695,11.497149585943808,11.446862341960564,11.700035691805976,10.948893156703473,11.739781944069723,11.171808905927753,22.0
281,18.679854945501027,19.19144841727656,19.125616893345345,18.787441842666794,19.39638373262258,17.668780168521643,18.73050763529475,18.342474608916255,19.456053688716025,19.367468083773105,23.0
282,18.61707524018906,18.487734157012575,18.88325176499714,19.571518527061272,18.48956594427914,18.754157068780717,18.02305920852502,20.15143858671415,17.880228342362976,20.62948040189185,22.0
283,19.1344761088262,19.164704981477385,19.534543958401674,17.760024024907374,19.666309293591315,19.986933482113358,19.97163446744571,19.578346641701273,20.23304271878035,20.27547924111153,14.0
284,20.373475636136327,20.125289151783186,20.968064559165484,19.87479117518114,20.234540557818352,20.380892931789965,20.9858909913455,20.12418944172377,19.79701541915216,19.359310483731882,23.0
285,18.073831389893165,18.062891659115476,18.45006290424461,16.506253196699348,18.179673497540655,18.49306495586679,19.14607609110992,18.792426399870642,18.487849528037366,19.590887252723338,6.0
286,16.11278475555672,16.516216445590363,16.506472879180457,16.354037898145894,16.815073401514017,15.928343369385276,16.80281033607929,15.682283316309842,16.825831860492976,17.521824985085296,10.0
287,14.597252626464012,13.87569928327034,14.409876226324853,13.843204375178928,14.432548975908812,13.829023969888839,15.296688694058215,14.662574311769543,13.98121520420198,14.782218790437213,19.0
288,13.935926241429517,14.44436810709267,14.31303391640594,15.219584597332553,14.276258503586929,15.25521913513595,15.63498725492217,14.71375152286316,14.639444420192216,14.926979118752277,20.0
289,22.99710855348195,21.48523552894836,22.971641196537753,22.278858941199168,23.0996218628998,22.178675086643942,23.06270946523222,22.201846661721145,22.97601264206672,23.161272786879927,21.0
290,17.298004695698438,17.363380694312745,16.805132223554352,17.943081361221193,17.717831689427747,17.88816260839105,17.871329805748065,18.012102494931547,17.355020632426466,17.0389507020919,22.0
291,18.05123962163848,19.58343452079749,20.01280537239945,20.2452095366314,20.104233528919234,19.399812734607373,19.592315415081895,19.849162073554396,19.961034297515504,20.35805156047271,9.0
292,18.569147342470202,20.135009681766874,15.523688722017408,18.845900781347673,18.116360896136506,16.459877108599446,16.381036482677693,18.204526799574488,17.67087987080113,18.634079802741958,14.0
293,16.27094436052173,15.8818880293408,17.2018510781228,15.211294818269073,16.01887255467337,15.749354599560125,15.560093362958408,16.153450582618714,16.07143576797104,15.885241033079666,10.0
294,16.46227886373671,15.671815699239948,15.302020348181818,16.379412606013986,15.188275500958898,15.859975419549041,14.711144279735269,16.14387649411209,15.912265323528512,16.167557385424832,8.0
295,17.199233309802892,16.399544656587977,16.00913431026165,17.51137181841332,17.38244057248398,15.70035217546722,16.651650101613257,16.97041258794703,18.794835939453574,15.018173116834136,17.0
296,16.66924175745261,18.251278590035852,18.414841940311486,18.75345006348572,18.597314671512073,17.236232220797238,19.109781703596408,17.996971231413053,18.67884998163425,18.440433384193696,23.0
297,19.840733775562803,18.790537442172358,18.130699636802454,19.479384398106312,20.08205939691115,17.903626489412055,18.963354675207434,18.47415925586371,18.714031729290735,18.97369663625692,22.0
298,16.247986809397197,14.259321728553747,14.795913663814222,15.207016981876396,15.163525177180958,16.16688693726912,14.98276533443012,15.13860638102734,16.04343105698239,15.715450466593058,21.0
299,17.937889060439506,17.171072150074565,18.14866063433772,17.367352165408697,17.027442358009374,18.073250290143736,17.787602590712776,17.799032259444203,17.817697729561175,18.068894283764614,22.0
300,18.337539126840895,16.646155313216074,18.42381224467394,17.61940424537401,18.61841567901695,17.46132907595539,18.77991707268395,18.436685571237838,18.139583039851487,19.34988254043569,15.0
301,13.220226509436056,13.85411458138987,15.334118387928687,12.476203577765666,13.112552076790204,14.603585199283735,14.20782787693193,12.1607917115985,13.295979551238588,12.275609218227547,12.0
302,19.54239855084771,18.523997028275794,17.218309290314064,18.388729464880583,18.439669227569862,20.195581373070986,17.46628299011766,17.91182443661851,19.366481031632187,19.54003891382541,19.0
303,15.15541445208191,14.985256815019497,15.741901744618925,14.661270796092403,15.230436243729432,15.15899008433177,15.656589463636436,15.021728061454459,15.251559411150973,16.053704436054275,19.0
304,17.78025288496782,18.47279630094404,17.605002074710534,17.674149493478257,18.25888800734492,18.742202351714813,19.172783526815163,18.856396576377882,17.794278593063247,16.895401048518572,15.0
305,14.286325150372441,14.30271444403948,13.651664555601933,14.737263682379915,14.942512603202566,14.108160882155751,14.203731741104253,15.039008367568396,13.67344239051422,14.29242017098313,24.0
306,15.49116766211017,15.203098792495613,15.807808281274447,15.777258204363537,16.959994970399006,15.980929710304554,15.876721510944432,16.445821608268172,16.099474872139005,17.09642133301228,11.0
307,16.533535733595006,16.243025266532193,17.20204135498856,16.55871029962811,17.72594867338529,16.26157446971252,14.87363590944215,17.541948589881734,18.186969472964382,17.3700894431676,24.0
308,13.509332269231884,13.968194693529057,13.266768737825908,13.527698402442477,13.492639853993989,13.668469074669936,14.421540382011361,13.899716375535526,13.424747540950296,14.652705195164332,21.0
309,19.956612263390788,21.155721872857907,21.70343778307263,22.00331804364297,21.00857425922979,20.497228659533608,20.139522879725806,22.062673436204555,21.559526778472367,20.18549503181285,10.0
310,22.438205572119724,22.977370262351386,22.95962400160981,23.54832894602287,23.241360821460646,21.18585781837345,23.745316727935403,22.778680884089983,22.915623287419947,21.503988800669852,14.0
311,18.442901682837842,19.573677544619503,18.282794742679478,18.867572846750292,17.678749410807548,19.140845280414844,18.3783477514136,19.25262127453967,19.879031651279043,18.771996707830773,21.0
312,15.515346070037314,15.686995274479735,16.546481098531725,15.470939759355439,16.175804878788767,16.1614722481308,16.393882813802744,14.972232681616063,15.178269218117075,14.609361969732246,9.0
313,19.169654127178667,16.955655044201777,18.619860874009998,17.948644425871514,19.43658920752337,18.364325622634674,20.6079817211234,19.822511000977897,16.723103687648656,17.581246797068868,22.0
314,18.79816571956647,17.380636452176468,18.01745613515063,17.883754994680046,18.834898285039042,18.62305320507275,20.300703047549774,18.987052046461024,16.403167247494945,18.519637517354436,15.0
315,17.6471360025088,19.331031927267475,18.515740185162265,21.07469384672308,19.47035438518513,19.59293130508614,19.435912108933564,20.135451745944255,20.116356064054983,17.956569277079275,20.0
316,20.130492505453503,20.0503907640802,18.518390829160882,20.590302808400985,20.25076061123393,18.69551378621945,19.261142914948202,20.998568661170772,19.853479355023996,20.725985545788483,13.0
317,15.60358117547614,14.648620854072565,15.21506344326661,14.952938584086727,16.314489324516344,15.257711812817387,16.39572010042746,14.637320753531469,13.876679078355943,15.834517108740616,17.0
318,17.176802461863787,15.773645005933762,15.588666491974216,14.358540836122106,16.277736449555658,16.296470164215698,14.503642355249555,14.923585864759685,16.648746914268237,17.09699848691082,19.0
319,20.230671506956305,21.342843837370587,20.898495166870795,20.17794631822215,21.337082464096397,21.37467565719391,21.005630018908352,21.13032470354719,20.369282892947886,21.098124897078847,16.0
320,17.851263972771797,16.401335297475125,16.201127121863607,17.38022649354509,16.52519378609356,16.82233650904559,16.908118163622103,16.095014199974685,16.213998254518888,17.201389793812766,22.0
321,14.236828474632711,14.81728839942155,14.109721114469984,13.686908163924855,14.676791027533117,14.37498508233432,14.761006726378696,14.270073478170158,14.797468889838818,15.595561931726689,20.0
322,15.515260013255881,15.46370669444675,15.076398263341261,14.905624974649047,14.499400695672895,15.159180166712819,15.756122995855849,15.654782572330205,15.471499710203446,15.562910738478646,23.0
323,18.78428189690952,18.569534720957897,19.065892840087564,17.540751123115896,18.811280215270692,18.55913599302063,19.280942394343576,19.123631401559155,19.530396092684455,19.22784979852653,24.0
324,13.39100727861371,13.152719021687766,12.255917324238613,12.736865632679205,12.562006881878414,13.680884789548882,13.045759366586758,13.066499309778782,12.486572371236466,12.8679890349108,16.0
325,17.915623106471827,16.40269841893981,15.97133176997739,18.15020191725217,16.861136635688403,16.16527036504047,16.211012095014972,16.10929498666144,18.8126351756649,17.6776845401115,9.0
326,19.526753373753373,19.936080999141726,19.661143858035878,19.73964246367843,19.948184085871212,19.77615311817047,18.843929243613104,20.183951810639357,19.61743426672691,19.671241364404413,18.0
327,23.440400961031177,19.428064902851922,21.788591941674085,19.729829324621768,22.102554126401664,23.06473695525397,19.840947738712394,21.8837099925109,22.879579941074184,22.056010562256624,21.0
328,14.981091088034159,15.843395900501353,13.698602397465294,16.69457140832909,15.532631774067198,13.356380513342138,14.418182693326875,14.586310692623421,13.541687866755574,13.913250705366954,23.0
329,14.948169977716812,15.492886707879114,15.18112695348982,16.128140554104657,15.135906968363136,14.309396875167383,14.979118233963586,14.939603736821148,13.5413135146138,15.64764488051005,14.0
330,18.00385636830876,16.68121457572503,15.364653823531595,16.639571184913734,16.840175963110305,15.096967080807982,14.492871212881948,14.220549348988879,15.827793594206337,14.795324729703072,20.0
331,12.801337084384,12.848050618396424,12.624158979145609,12.613586604658206,12.031115644853468,13.786682767413451,12.409020903960604,12.936901180761433,13.142680274143075,13.27859122707229,19.0
332,13.499189929596234,14.571258533954177,13.209169707792215,13.426894312487576,13.509482705928665,13.236529132453605,13.238892803675826,13.164011159469496,13.644776534379186,14.255376205737267,21.0
333,12.884227015304592,13.554997949331575,12.85131803028376,13.095382899039846,12.92644156153111,14.90437216176234,13.44631958397721,12.685675070160666,12.757354847862572,13.61858207426549,14.0
334,17.705253146244274,17.864751585300475,17.394981477894795,17.43413267858299,17.369461092906214,17.991212517673297,17.452468732487066,17.433211409324635,17.00370682933886,17.87133559506798,18.0
335,16.918146916213534,15.986061636747166,17.32264206448401,17.74695700274922,17.63553941796887,16.454676006144997,16.768095034634513,17.21288190477401,16.924812502225535,17.01893315919071,16.0
336,16.00018014360248,15.155385316410289,14.548416823407058,15.606388514452307,15.901262142025761,15.352051832898216,15.736015796207777,15.51952248780185,14.526824170177541,16.142058454537292,17.0
337,21.269589737809646,20.882588176846397,20.338421491507297,20.91929482966544,20.938674266486604,21.041802047084083,21.374788436758852,20.546274769545377,21.216136282310845,21.244588797229852,21.0
338,14.707855727363821,14.561493406427335,17.276426932105622,15.704246236798475,15.49264231097505,15.76071041463523,15.908835705768448,15.691045878883646,15.247310802285732,14.76820541896384,21.0
339,18.597264763221265,18.043676529882234,18.04033002804214,18.726199985282502,18.81990087596902,16.904858479958154,17.466541030544484,17.570660994265317,18.078167458882092,18.549251848165767,21.0
340,16.986095292867372,17.206577089565716,17.59774984286529,17.409859295197656,16.12167931908727,18.168624817391546,18.038812359479792,17.198046984177704,17.055153702333392,18.00268882668629,14.0
341,13.235697635031192,14.281908537113754,12.863978066841884,13.045480023176397,14.039364744248637,13.633709706116,14.44037425974318,14.275188686028443,13.979212724894904,14.581675753383202,13.0
342,17.400569095265155,16.28444941773852,14.584461677784791,16.948237583220774,17.752695442047305,17.403625881880885,15.172546786353038,17.13643355321086,18.15599185678513,16.693879082254277,23.0
343,15.439432541485333,15.810375092185538,14.937309635023347,14.935200292116221,15.159928387752446,14.903613036195836,15.480855288710718,15.33453771715395,15.245541841030725,15.511145433335777,20.0
344,17.348231534930445,16.84479147206464,17.64788952927298,16.681435019688706,16.486544928251334,17.481606629043515,17.78339256092894,16.250859887766797,16.400190672990064,17.35580126544661,10.0
345,19.67267499572609,21.207463222371537,20.955219153698643,20.43582365776586,20.51007423294997,20.7901135070921,20.750831345779055,21.021973718551088,20.98364861813244,21.68507864514232,20.0
346,11.863863884345207,12.112574328470783,12.327798967086249,11.648606221426595,11.165120985154969,13.622071738129113,12.669960331438741,12.118474106593283,11.061721993376642,12.7621838824398,20.0
347,12.456456897916919,12.100534495955195,11.809085718406628,13.406249151591918,10.994313926971861,11.513832045863701,12.394939861292093,11.92943407719247,12.419158089169457,11.753891880738522,10.0
348,16.459329462826894,16.659926658470408,16.804481389919545,17.117111281006913,17.489287042495967,16.24121345315487,16.936730029808025,16.736950230199284,17.244251935210784,17.38811063915826,13.0
349,17.142783577369787,17.51014907979868,17.549877354204813,17.564232660983656,17.68640136972938,17.17822685332051,17.951643862972702,17.00899700335499,17.301031262248806,17.082585694651446,15.0
350,18.283076585411493,18.342700238589522,18.423320460997772,18.099146523556563,19.566903967868576,18.577095724102605,17.868620331146193,18.958636020962693,19.00610180748102,18.46722382593511,19.0
351,21.369612052120306,20.631404301774083,21.27768874449888,20.61706913626847,21.17812626415542,21.264819383400592,18.67122170532766,20.946401644107823,19.600374858179737,20.12811783418016,16.0
352,19.389357790336874,17.572110969903267,18.952598852023893,19.522269902624394,18.71607522526218,18.439969802430483,19.33065439249709,19.015585367648548,19.361023941732483,18.670063474865064,21.0
353,16.66175318051006,16.706823836373324,16.32400898931339,17.020201802032897,17.437929539786882,18.020611248868896,15.035005629255167,16.550819180635578,16.658251275971274,18.076729146208077,8.0
354,17.845216416948976,17.021465469961115,17.89296006707167,18.168590609715363,18.010591902639682,16.576237605354805,18.300977309439332,17.996221256348836,17.681466449029323,16.567841378709804,21.0
355,20.127255690128166,20.316438520065272,20.283216388299216,20.45122787738277,20.074765017196434,19.838936525634352,20.85217159494632,21.497055456873667,21.5944853003107,20.50473175212982,17.0
356,16.480318351831045,16.663493624579814,17.24056239275275,16.645858748451342,17.07551589207798,17.106780174146035,17.13559646979615,16.928280926352723,16.684602867542665,17.40505879457474,23.0
357,14.936660849147193,16.074889289964368,16.395564907902962,13.663743563936421,18.46940425598082,14.899918050133168,17.196392524316792,15.144238528544706,13.74724638570882,18.354448606559657,12.0
358,13.515767257475726,16.031102523683618,14.713264653299749,13.976693490170467,13.799263170689674,14.59232166401338,14.602342552899968,14.175251223734985,13.679641406121505,14.957434392251034,15.0
359,19.077176619780698,19.34508700111654,18.937777340055774,19.886858281132426,19.752894866391248,19.66803283601726,20.142826726223042,19.360050576474983,19.358358590336785,19.43951352433183,17.0
360,16.973903550758493,17.09556586991132,16.260115455094535,16.87754988059301,17.06500092939503,15.816199402889925,16.249208176667587,16.589937035441366,17.061438163318538,16.200968348004643,19.0
361,16.219657564033337,16.121161471388078,17.59479518780399,16.980375108850183,17.019066539357794,16.839247148822185,15.642273854257496,17.328386254743457,15.942896874142619,16.197185890162444,22.0
362,15.6742429452244,17.125590721762215,18.441189250148703,16.84429468614842,17.44597124133002,16.438233090353254,15.43279919683221,17.39841634143427,18.48452275394252,16.19343529431154,16.0
363,16.179495186280676,15.074646551192949,16.30258555924445,15.666987831651626,16.227709151121356,15.895166836674665,15.86697617260647,16.052536844405072,15.149304630776276,15.810468714555915,15.0
364,18.113569109940677,18.04354740612114,17.699802274936765,15.906299901624632,17.056151251760216,18.5768655822679,18.475771601809072,17.28969851786012,16.984674435276766,18.328183715883277,14.0
365,14.423152768421392,13.776405526670093,13.648814453159593,13.609345737029448,13.293435283661326,14.160189425064843,13.952647893660034,13.67385568161199,13.026372963252545,13.954194757487311,12.0
366,14.674626784821069,14.79387181613195,15.357314633618419,14.82920073983222,14.88883253738868,15.981641270866144,15.498756771757616,15.928186044789005,15.027458991215823,16.622566855535872,22.0
367,18.78635780764365,17.420038937976148,18.494741342691192,16.928228965129723,18.004093985867463,17.90572514850369,18.867682424847246,19.03269337928793,18.350044422509605,18.090554269159654,12.0
